id,title,original_title,imdb_id,release_date,runtime,budget,revenue,overview,tagline,homepage,poster_path,backdrop_path
1,Rocky Balboa,Rocky Balboa,tt0479143,2006-12-20,101,24000000,155929020,"His Wife is dead and his Son hates him, but this old man still has fight in him!  When he loses a highly publicized virtual boxing match to ex-champ Rocky Balboa, reigning heavyweight titleholder Mason Dixon retaliates by challenging Rocky to a nationally televised, 10-round exhibition bout. To the surprise of his son and friends, Rocky agrees to come out of retirement and face an opponent who's faster, stronger, and thirty years his junior.",It ain't over 'til it's over.,https://www.mgm.com/movies/rocky-balboa,/xUylDspiTKU3cYzZNeLsN8Krv12.jpg,/9mwMaNeeqPXJviKk2UKLxFm9vUW.jpg
2,Chasing the Star,Chasing the Star,tt5126178,2017-09-05,96,0,0,Three Magi Priests from different regions of the world journey through the unforgiving desert in hopes of finding proof of an age old prophecy. But Kings of men and fallen angels will stop at nothing to destroy the Magi and the baby boy they hold dear. These evils force the Magi to confront and make peace with old demons in order to prepare for the arrival of the new born King.,The Saviour is born,https://cdiproductions.com/projects/chasing-the-star/,/AoXWuDI4TCrnd6T4XzRw8MlVsHo.jpg,/aW5QkoW1ajjfTjlz6UvUDIkBxkG.jpg
3,David Gan: the Front Lines,David Gan: the Front Lines,tt7969392,2012-01-01,6,18000,0,"A young David Gan joins the WWII effort, eager to serve his country. Feelings of exclusion as a Chinese-American disappear in the Army. After experiencing the loss of so many fallen comrades, David dedicates his life to those who never came home.",The story of a man who dedicated his life to remembering those who served with him as his brothers.,http://www.eldoradofilms.com,/6Ze0JAcFHSYOceSVDzUs7BNAXFz.jpg,/kMzCzbXF3rNLUpNB31SKEmJ6mbv.jpg
4,How to Be Single,How to Be Single,tt1292566,2016-02-08,110,38000000,112343513,"New York City is full of lonely hearts seeking the right match, and what Alice, Robin, Lucy, Meg, Tom and David all have in common is the need to learn how to be single in a world filled with ever-evolving definitions of love.",Welcome to the party,http://howtobesinglemovie.com/,/a4Ce3qHqIyHM3QfGsiVTAu3YADJ.jpg,/9yXPubeQuNzyIdbaUoXAurK40xv.jpg
5,Friday,Friday,tt0113118,1995-04-26,91,3500000,28215918,"Craig and Smokey are two guys in Los Angeles hanging out on their porch on a Friday afternoon, smoking and drinking, looking for something to do.",A lot can go down between thursday and saturday...,http://www.newline.com/properties/friday.html,/eqD0jCDIEJ65CmyG63Jaay6bHDp.jpg,/2D08E4pqE95FM8yOJ3gOy5zWaW0.jpg
6,Gemini Man,Gemini Man,tt1025100,2019-10-02,117,140000000,173469516,"Henry Brogan is an elite 51-year-old assassin who's ready to call it quits after completing his 72nd job. His plans get turned upside down when he becomes the target of a mysterious operative who can seemingly predict his every move. To his horror, Brogan soon learns that the man who's trying to kill him is a younger, faster, cloned version of himself.",Who will save you from yourself?,http://skydance.com/film/gemini-man/,/uTALxjQU8e1lhmNjP9nnJ3t2pRU.jpg,/c3F4P2oauA7IQmy4hM0OmRt2W7d.jpg
7,The Mortuary Collection,The Mortuary Collection,tt7781432,2020-10-08,108,0,107629,"In the phantasmagorical town of Raven's End, a misguided young girl takes refuge in a decrepit old mortuary. The eccentric undertaker chronicles the strange history of the town through a series of twisted tales, each more terrifying than the last, but the young girl's world is unhinged when she discovers that the final story... is her own.",Every Corpse Has a Story,http://www.trapdoorpictures.com/the-mortuary-collection-main,/5WXeYnezavNI6hXH74aQYv6yFzj.jpg,/tsGSTBl5H8DBLnHc24Teny0Ppc5.jpg
8,The Nun II,The Nun II,tt10160976,2023-09-06,110,38500000,231200000,"In 1956 France, a priest is violently murdered, and Sister Irene begins to investigate. She once again comes face-to-face with a powerful evil.",Confess your sins.,https://www.warnerbros.com/movies/nun2,/c9kVD7W8CT5xe4O3hQ7bFWwk68U.jpg,/53z2fXEKfnNg2uSOPss2unPBGX1.jpg
9,La Fille Mal Gardée (The Royal Ballet),La Fille Mal Gardée (The Royal Ballet),tt15245772,2015-05-05,135,0,0,"Frederick Ashton's La Fille mal gardée (The Wayward Daughter) is one of the choreographer's most joyous and colourful creations. Inspired by his love for the Suffolk countryside, the ballet is set on a farm and tells a story of love between Lise, the daughter of Widow Simone, and Colas, a young farmer. It contains some of Ashton's most stunning choreography, most strikingly in the series of energetic pas de deux that express the youthful passion of the young lovers, performed here by Natalia Osipova and Steven McRae. The ballet is laced with exuberant good humour, and elements of national folk dance, from dancing chickens and a maypole dance to a Lancashire clog dance for Widow Simone, performed by Philip Mosley.",Frederick Ashton’s joyful ballet The Wayward Daughter contains some of his most brilliant choreography.,http://www.roh.org.uk/showings/la-fille-mal-gardee-live-2015,/2nd382OvmdNMUI4DbaKvbCoxDpw.jpg,/pVV737sfgsuFRO4HLjDHf4iCXgW.jpg
10,Return of the Jedi,Return of the Jedi,tt0086190,1983-05-25,132,32350000,572700000,"Luke Skywalker leads a mission to rescue his friend Han Solo from the clutches of Jabba the Hutt, while the Emperor seeks to destroy the Rebellion once and for all with a second dreaded Death Star.",The Empire Falls...,http://www.starwars.com/films/star-wars-episode-vi-return-of-the-jedi,/jQYlydvHm3kUix1f8prMucrplhm.jpg,/psYeKwKclG4XaIop5suj1J0Kg2C.jpg
11,The Way Back,The Way Back,tt1023114,2010-11-22,133,30000000,24172201,"At the dawn of WWII, several men escape from a Russian gulag—to take a perilous and uncertain journey to freedom as they cross deserts, mountains and several nations.",Their escape was just the beginning.,http://thewaybackthemovie.com/,/6imc5u5H1RASjWPOQ923VFzIo6E.jpg,/jcQfgcq1j7Vit4wQ54niXiLfvE8.jpg
12,The Perfect Man,The Perfect Man,tt0380623,2005-06-17,100,0,0,"Holly is tired of moving every time her mom Jean breaks up with yet another second-rate guy. To distract her mother from her latest bad choice, Holly conceives the perfect plan for the perfect man, an imaginary secret admirer who will romance Jean and boost her self-esteem.",Is it all too good to be true?,http://www.watchvideoseries.com/movies/the-perfect-man-2005/,/8cE4xZkmE7NkWcgNk8A6dZ7Ou6Q.jpg,/5pgb490RHuth6YV2dYU1YsMEJEt.jpg
13,Cop Land,Cop Land,tt0118887,1997-08-15,104,15000000,44862187,"Freddy Heflin is the sheriff of a place everyone calls “Cop Land” — a small and seemingly peaceful town populated by the big city police officers he’s long admired. Yet something ugly is taking place behind the town’s peaceful facade. And when Freddy uncovers a massive, deadly conspiracy among these local residents, he is forced to take action and make a dangerous choice between protecting his idols and upholding the law.",No One Is Above The Law.,http://www.miramax.com/movie/cop-land,/qzR7m6kUhsbdid3xRK2jTXjyNmG.jpg,/cnD5ygO97xFY8wQPwLP5v9saus7.jpg
14,The Accursed,The Accursed,tt14617254,2022-10-14,96,0,0,"Elly is asked by a family friend to spend a few days looking after an elderly woman living in a remote cabin. She readily agrees thinking a short trip to the woods will be a nice escape. The cabin turns out to be anything but relaxing as Elly begins hallucinating in ways that blur reality with her dreams. As the visions take over, Elly realizes that she was lured there by a demonic presence hiding inside of the woman just waiting to break free.",Are you ready to gaze into hell?,https://theaccursed.com/,/27IgOiz7Vp19ei13pnRdOir7SD8.jpg,/dAcWx9pcEVxDwC90VPxgzXJC7AO.jpg
15,WCW Spring Stampede 1998,WCW Spring Stampede 1998,tt2540096,1998-04-19,160,0,0,"""Macho Man"" Randy Savage faces Sting in a No Disqualification Match for the WCW World Heavyweight Championship. Hollywood Hogan & Kevin Nash take on ""Rowdy"" Roddy Piper & The Giant in a Baseball Bat on a Pole Match. Raven takes on ""Diamond"" Dallas Page in a Raven's Rules Match with the WCW United States Championship up for grabs and much more!",The Biggest. The Baddest. No Bull.,http://en.wikipedia.org/wiki/Spring_Stampede#1998,/wMbRygId8zKLH98NsO3j7ceQ2UE.jpg,/i3fi65uhg5oD87dQCu2WDqZE5Jl.jpg
16,The Search for Santa Paws,The Search for Santa Paws,tt1544572,2010-10-12,89,0,0,"In the tradition of disney's classic holiday tales comes a heartwarming movie about the power of giving and the true meaning of christmas. Discover how the legendary friendship of Santa Claus and Santa Paws began in the inspiring original film, The Search For Santa Paws. When Santa and his new best friend, Paws, discover that the boys and girls of the world have lost the spirit of the season, they take a trip to New York City. But after Santa loses his memory, it's up to Paws, a faithful orphan named Quinn, her new friend Will, and a wonderful group of magical talking dogs to save St. Nick and show the world what Christmas is really all about.",The Search is On!,http://disneydvd.disney.go.com/the-search-for-santa-paws.html,/rW6rXvT6AeNC4AUBC2HJiiLpwly.jpg,/A7JLOMnim2y26Vt06vwvz7HmORM.jpg
17,I'm Your Woman,I'm Your Woman,tt10243992,2020-10-15,120,0,0,"A woman is forced to go on the run after her husband betrays his partners, sending her and her baby on a dangerous journey.",No one survives alone.,https://www.amazon.com/dp/B08KZD3FZ4,/uTcJAxIV8BzNXuvcViBSibQSBid.jpg,/5XKMS1dJFfnEOrl1koJyb31p5js.jpg
18,Selma,Selma,tt1020072,2014-12-25,127,20000000,66787908,"""Selma,"" as in Alabama, the place where segregation in the South was at its worst, leading to a march that ended in violence, forcing a famous statement by President Lyndon B. Johnson that ultimately led to the signing of the Voting Rights Act.",One dream can change the world.,https://www.paramount.com/movies/selma,/wq4lhMc4BuOyQqe1ZGzhxLyy3Uk.jpg,/kVGUdR1CXKAyCFj5Tt4uyR2bpFx.jpg
19,Hex Hollow: Witchcraft and Murder in Pennsylvania,Hex Hollow: Witchcraft and Murder in Pennsylvania,tt3145016,2015-11-28,73,31000,0,A documentary film investigating the 1928 murder of a Pennsylvania farmer and the allegations of witchcraft that shocked the nation.,Witchcraft and Murder in Pennsylvania,http://www.hexhollowmovie.com/,/ccTGbHg50khtraavvFMjtnb9MSY.jpg,/ucXjARewvyveUYYhn8sCKKNxQdd.jpg
20,3 Wicked Witches,3 Wicked Witches,tt3174226,2014-01-01,75,1000000,0,"When three best friends from college reunite for their 25th year reunion, revenge becomes the order of day. A possessed clown doll is sent on a mission of murder to the local frat house…",They'll put a spell on you!,http://www.rapidheart.com/3-wicked-witches/,/cGlrgc3rPxM1RU2KRRiiPVALkSn.jpg,/cYsUnWOrK76U2pR37tywrygQPEF.jpg
21,Retribution,Retribution,tt6906292,2023-08-23,91,20000000,12905464,"When a mysterious caller puts a bomb under his car seat, Matt Turner begins a high-speed chase across the city to complete a specific series of tasks. With his kids trapped in the back seat and a bomb that will explode if they get out of the car, a normal commute becomes a twisted game of life or death as Matt follows the stranger's increasingly dangerous instructions in a race against time to save his family.",All roads lead to the truth.,https://iiil.io/jCT7,/oUmmY7QWWn7OhKlcPOnirHJpP1F.jpg,/iiXliCeykkzmJ0Eg9RYJ7F2CWSz.jpg
22,Convention City,Convention City,tt0023906,1933-12-14,69,239000,522000,Extra-marital fun and games at a convention of the Honeywell Rubber Company in Atlantic City.,"We're off to - ""Convention City""",http://www.missamerica1933.com/contestants/conventioncity.html,/zxvqT6nyO749PAvBkScdJg2G1m5.jpg,/ms2LoLkDZbIHhJO15LxLFlZmtr.jpg
23,Rough Night,Rough Night,tt4799050,2017-06-15,101,20000000,45056771,"Five best friends from college reunite 10 years later for a wild bachelorette weekend in Miami. Their hard partying takes a hilariously dark turn when they accidentally kill a male stripper. Amidst the craziness of trying to cover it up, they're ultimately brought closer together when it matters most.",The hangover will be the least of their problems,http://www.roughnightmovie.com/,/ttC00xcQ5UIO04kU8y0h5OAIYYJ.jpg,/sqlQt6Orr2hEOb7fekhjCefhiED.jpg
24,9½ Weeks: An Erotic XXX Parody,9½ Weeks: An Erotic XXX Parody,tt4319314,2014-02-14,145,0,0,"When a wealthy businessman seduces a beautiful art gallery assistant, his imaginative lovemaking awakens erotic desires she never knew existed. Soon, his playful and adventurous sex games escalate to dark, dangerous passions that push her... and their relationship... to the breaking point.",It’s The Hottest 9 ½ Weeks Of Her Life!,http://www.adameve.com/adult-dvds/story-based-features-a-l/sp-weeks-erotic-xxx-93583.aspx,/wso1LEoHz4XWUBCTNPir1oiGf8J.jpg,/weh3xIAQPJ2k3EfwF0sXtFCapFx.jpg
25,Among Us,Among Us,tt3226454,2017-08-08,91,0,0,"After the mysterious death of their young son, a couple desperately flees to a remote lake house to escape the unrelenting haunting following them only to discover the mysterious entity is still very much a part of their lives.",It took their son. Now it wants them.,http://www.hauntmenomore.com/,/gJBxdOev2NilHt8yFf98WespLQf.jpg,/lx8BlR77icJkjp0VFa9xHRZ5bum.jpg
26,Saving Flora,Saving Flora,tt5670364,2019-12-06,95,0,0,"Flora is a circus elephant who can no longer perform her tricks. The night before she's scheduled to be euthanized, the circus owner's 14-year old daughter, Dawn, sneaks Flora from the circus. All that stands between them and the safety of the elephant preserve is two hundred kilometers of woods, one raging river, two elephant hunters and the fear of not making it.",How far would you go to save a friend?,https://www.savingflora.com,/txFQFgjVQmQYFYvEFCbUlTJMYcs.jpg,/fvkEWfD5ZIHCcBnV9dPctsYNwVO.jpg
27,Good on Paper,Good on Paper,tt8231668,2021-06-23,92,0,0,"After years of putting her career ahead of love, stand-up comic Andrea Singer has stumbled upon the perfect guy. On paper, he checks all the boxes but is he everything he appears to be?","If he checks all your boxes, check again.",https://www.netflix.com/title/81406319,/hkU2FQNWUEQFgLrDGrpZQ7Y17zx.jpg,/enlicWSFU0H2JNe3TgHNe4RIGWT.jpg
28,A Christmas Carol,A Christmas Carol,tt7686464,2019-12-19,173,0,0,"London, 1843. Ebenezer Scrooge, a bitter old man, despises the Christmas holiday. Over the course of Christmas Eve night he is visited by three ghosts to show him his past, present and future.",A Holiday classic reimagined.,https://www.fxnetworks.com/shows/fxs-a-christmas-carol,/tKW48tnZKaHLBIxxgoAf9BIpyRv.jpg,/ubLsCmv36zUUt2zxhFSowYFe5uF.jpg
29,John Mulaney & The Sack Lunch Bunch,John Mulaney & The Sack Lunch Bunch,tt11318624,2019-12-24,70,0,0,"John Mulaney and his kid pals tackle existential topics for all ages with catchy songs, comedy sketches and special guests in a nostalgic variety special.",A children's musical comedy special from a man with neither children nor musical ability,http://www.netflix.com/title/81104634,/rP8knLNDHN6VlUi89nWuqaWUdoo.jpg,/9O4qARYvsuCVTtw8ybLIQNTywTO.jpg
30,BloodRayne,BloodRayne,tt0383222,2005-10-22,99,25000000,3650275,"In 18th-century Romania, after spending much of her life in a traveling circus, human-vampire hybrid Rayne escapes and plots to take down her father, Kagan, the evil vampire king. When she's discovered by three vampire hunters, she manages to convince them to spare her life and join her cause. But slaying a vampire as powerful as Kagan will be no easy task.",Revenge never tasted so sweet.,http://www.bloodrayne-themovie.com/main/index.html,/1Xy9uu5INNMnyF7W6BTEQkkGOZC.jpg,/noWdMYkuYHnti9wrDg5ufJFl9Ks.jpg
31,Inside,Inside,tt5170810,2016-02-14,85,0,0,"Completely on her own, Sarah spends her time at home, waiting for the approaching birth of her child. But one night, a stranger breaks into her home, ready to snatch her still unborn baby from her.",Some women would kill for a baby,http://www.embankmentfilms.com/portfolio_page/inside,/1PSctD5yezkDKl5j61kKOk05U0g.jpg,/fiGboqfxF2BC7cAariOF3nQ9zXK.jpg
32,Into the Woods,Into the Woods,tt2191715,2011-03-31,153,0,0,"Stephen Sondheim’s Into the Woods weaves together many famous fairy tales in an allegorical story of family, love, growing up and the hazy areas between right and wrong. This production was captured by Digital Theatre live at London’s Regent’s Park Open Air theatre and was directed by Timothy Sheader.  Into the Woods takes the stories of the Brothers Grimm and gives them a dark and humorous twist.  The popular tales of Red Ridinghood, Jack (of Beanstalk fame), Cinderella and Rapunzel are interwoven with that of the Baker and his Wife and their quest to have a child. However this re-telling goes beyond ""happily ever after"" as the familiar characters find themselves in unfamiliar circumstances and hopes and dreams are questioned and revisited.",Once upon a time...,http://www.digitaltheatre.com/production/details/into-the-woods/,/6fnoURevuXBfkqLOKaRD83ZNP5K.jpg,/bkhUrbPoZc7ZGCXzQBKKiFzMSdV.jpg
33,The Redeeming,The Redeeming,tt4172510,2018-01-29,85,150000,0,A disturbed single mother confronts a mysterious stranger and the echoes of her past to protect her home.,Bad memories always haunt you.,http://www.theredeeming.co.uk/,/6T75zEBrQAuVp4G4hGW7U7qs2OV.jpg,/m5E2KkRmgbwoRpVCAlEwWSbrrW9.jpg
34,"Why, Charlie Brown, Why?","Why, Charlie Brown, Why?",tt0123325,1990-03-16,22,0,0,"A new girl comes to the neighbourhood school and Linus is smitten with her. Unfortunately, she develops the symptoms of leukemia and must go to the hospital for cancer treatment. Linus and Charlie Brown help her through the traumas of chemotherapy as best they can while Snoopy plays at being the world's greatest doctor.",A Peanuts look at a serious subject.,http://www.snoopy.com,/3bWXHBekb1MgVU80So6rES9pGo7.jpg,/vZkoYNwlBYKTAzYc3xIb2726B12.jpg
35,Kimjongilia,Kimjongilia,tt1180311,2009-01-18,75,0,0,"The first film to fully expose the humanitarian crisis of North Korea, this stylish, deeply moving documentary is centered around astonishing interviews with survivors of North Korea's vast and largely hidden prison camps, and interspersed with archival footage of North Korean propoganda films and original art performances.",The Flower Of Kim Jong Il,http://www.kimjongiliathemovie.com,/i191oqUO5cKcvnjmzcdYwTT1Vaa.jpg,/824c3HzSA3UdN30F8ocfM1Jp7Cq.jpg
36,Last Seen Alive,Last Seen Alive,tt10242388,2022-05-12,95,0,5950199,"After Will Spann's wife suddenly vanishes at a gas station, his desperate search to find her leads him down a dark path that forces him to run from authorities and take the law into his own hands.",He'll stop at nothing to get her back.,https://www.lastseenalivemovie.com/,/qvqyDj34Uivokf4qIvK4bH0m0qF.jpg,/nAHysRXM17o6TurhobGtL1MCDDH.jpg
37,The Pink Panther 2,The Pink Panther 2,tt0838232,2009-02-06,92,0,75871032,"When legendary treasures from around the world are stolen, including the priceless Pink Panther Diamond, Chief Inspector Dreyfus is forced to assign Inspector Clouseau to a team of international detectives and experts charged with catching the thief and retrieving the stolen artifacts.",Inspect the unexpected.,http://www.sonypictures.com/movies/thepinkpanther2/,/1XI20rOfPL6i9DrbO6GRWRxlQ60.jpg,/ia6qY2XV4uvrrhSFcqqKZphizXR.jpg
38,John Mulaney: Baby J,John Mulaney: Baby J,tt27141610,2023-04-25,80,0,0,"A chaotic intervention. An action-packed stay in rehab. After a weird couple of years, John Mulaney comes out swinging in his return to the stage.",A wide-ranging conversation,https://www.netflix.com/title/81619082,/68IvnpczS3snky0W6K7SpxIGZLp.jpg,/v3IgA4DxD6nMgDJahdLMA046eoh.jpg
39,What Doesn't Kill Us,What Doesn't Kill Us,tt7467702,2019-11-14,92,0,0,What Doesn't Kill Us is a mockumentary about rehabilitated zombies facing the adversities of living in a time when they aren't yet treated equally to humans.,Being dead was way easier.,http://wdkumovie.com/,/nRjnMbMgfkDeWwxCHR5az1XybEE.jpg,/gyf8M2AUwYqdt0XrKgFzBSwWfJl.jpg
40,The Blacklight,The Blacklight,tt7317866,2021-04-24,120,0,0,"Despite trying to leave behind his life of crime, Danny reluctantly teams with naïve rich kid Liam and wildcard drug dealer Kit Viper. A botched robbery leaves them in possession of a mysterious supernatural artifact with immense potential.",Watch your eyes,https://www.dashfordmedia.com/theblacklight,/m7UM0BSUcgPelxqVPTXPdhk28zI.jpg,/faVbvMDR8dfDHRwwrxCT7QaHkWk.jpg
41,Batman: Return of the Caped Crusaders,Batman: Return of the Caped Crusaders,tt5973626,2016-10-08,78,3500000,0,"Adam West and Burt Ward returns to their iconic roles of Batman and Robin. The film sees the superheroes going up against classic villains like The Joker, The Riddler, The Penguin and Catwoman, both in Gotham City… and in space.",The crusade continues...,https://www.warnerbros.co.uk/movies/batman-return-of-the-caped-crusaders,/tHVnZuvVPeg6cVufF4hcNtCJsJK.jpg,/oBwzYKdcbT7K8CEkKDbTspPAJkG.jpg
42,Black Sabbath: The End of The End,Black Sabbath: The End of The End,tt7133352,2017-09-20,97,0,0,"Chronicles the final tour from Black Sabbath. On February 4th, 2017, Black Sabbath takes the stage in Birmingham, the city where it all began, to play the 81st and final gig of the tour and bring down the curtain on a career that spanned almost half a century.",The final word from the greatest metal band of all time,https://www.sky.com/watch/title/programme/386f75df-7a16-404c-bd2b-7edcf48d67c9/black-sabbath-the-end-of-the-end,/ftvpcFSFGHKPG4s7W48eJUkUUUV.jpg,/kLM6DxvsnQhcyAif2ZpprOLki61.jpg
43,Dark Star,Dark Star,tt0069945,1974-04-01,83,60000,0,"A group of scientists are sent on a mission to destroy unstable planets. 20 years into their mission, they have to battle their alien mascot as well as a ""sensitive"" and intelligent bombing device that starts to question the meaning of its existence.",Bombed Out in Space with a Spaced Out Bomb!,http://www.theofficialjohncarpenter.com/dark-star/,/nybQ7cBbSlgCikFhpULiKCfJcuQ.jpg,/u6qDqxrCSeo81oZ46Q4M04HItMM.jpg
44,All Things Must Pass,All Things Must Pass,tt3272570,2015-10-16,94,0,0,"Established in 1960, Tower Records was once a retail powerhouse with two hundred stores, in thirty countries, on five continents. From humble beginnings in a small-town drugstore, Tower Records eventually became the heart and soul of the music world, and a powerful force in the music industry. In 1999, Tower Records made $1 billion. In 2006, the company filed for bankruptcy. What went wrong? Everyone thinks they know what killed Tower Records: The Internet. But that's not the story. All Things Must Pass is a feature documentary film examining this iconic company's explosive trajectory, tragic demise, and legacy forged by its rebellious founder, Russ Solomon.",The rise and fall of Tower Records,https://www.facebook.com/towerrecordsdoc,/7oO565fLtDlx2Ief7Jn7YVsY0g.jpg,/8azdxVR1RU2BwTHmsocsGSCx1ho.jpg
45,Uncharted,Uncharted,tt1464335,2022-02-10,116,120000000,407141258,"A young street-smart, Nathan Drake and his wisecracking partner Victor “Sully” Sullivan embark on a dangerous pursuit of “the greatest treasure never found” while also tracking clues that may lead to Nathan’s long-lost brother.",Fortune favors the bold.,https://www.unchartedmovie.com,/rJHC1RUORuUhtfNb4Npclx0xnOf.jpg,/fwrqW8Lp5VQuppFrODd4iJ8LySE.jpg
46,Great White Shark,Great White Shark,tt2989326,2013-05-24,40,0,0,"Misrepresented, maligned and on the verge of extinction, the great white shark is an iconic predator: the creature we love to fear. Great White Shark will explore the great white's place in our imaginations, in our fears and in the reality of its role at the top of the oceanic food chain. The film will concentrate on key aggregation points around the world: Mexico, South Africa, Los Angeles and New Zealand. Key figures in the history of shark research, people whose lives have been changed by contact with the great white, will tell us of their experiences, culminating in a direct encounter between man and shark.",A breathtaking encounter with the predator we love to fear . . .,http://www.greatwhiteshark3d.com,/eiKKbx5pjA2s4jkkCXBRSAJEaMv.jpg,/a6dGItq9ad5inXDW18ULZY6KSrF.jpg
47,No Exit,No Exit,tt7550014,2022-02-25,96,0,0,"Stranded at a rest stop in the mountains during a blizzard, a recovering addict discovers a kidnapped child hidden in a car belonging to one of the people inside the building which sets her on a terrifying struggle to identify who among them is the kidnapper.",Who will survive the dead of winter?,https://www.20thcenturystudios.com/movies/no-exit,/5cnLoWq9o5tuLe1Zq4BTX4LwZ2B.jpg,/33wnBK5NxvuKQv0Cxo3wMv0eR7F.jpg
48,Grateful Dead: View from the Vault,Grateful Dead: View from the Vault,tt0468574,2000-10-10,215,0,0,"View from the Vault, Volume One, sometimes known simply as View from the Vault, is the first release in a series of DVDs and companion soundtracks by the Grateful Dead known as ""View from the Vault"". The audio is taken from the soundboard and the video from the video screens at the concerts. The first volume was recorded and filmed at Three Rivers Stadium in Pittsburgh on July 8, 1990 with bonus material recorded two days earlier at Cardinal Stadium, Louisville. The set was certified Gold by the RIAA on February 2, 2001.","Three Rivers Stadium Pittsburgh, PA July 8, 1990",http://dead.net,/oAsbEWZ0oYblzbCYqbUtkwawo3I.jpg,/4ChjYIllKL4Qldr4A7VU3PiBat.jpg
49,Nina Forever,Nina Forever,tt2885628,2015-03-14,98,0,0,"Holly loves Rob and tries to help him through his grief – even if it means contending with his dead girlfriend Nina, who comes back, bloody and broken, every time they make love",A fu*ked up fairy tale,http://ninaforever.com/,/l6fIaMjMx4bCHLvgCcnNfWctfm2.jpg,/rVT4vFJgcvou2j3CQTOAlCqedSh.jpg
50,I'm Not Ashamed,I'm Not Ashamed,tt4950110,2016-10-21,113,1500000,2100000,"Based on the inspiring and powerful true story and journal entries of Rachel Joy Scott, the first student killed in the Columbine High School shooting in 1999.",Her faith would touch the world.,http://imnotashamedfilm.com/,/P4bxuNq5XT0Wc3MYpoLP52e0P6.jpg,/rsdFvneLY76JGXQ1rYovyeUtqyc.jpg
51,Sherlock Holmes,Sherlock Holmes,tt0988045,2009-12-23,129,90000000,524028679,Eccentric consulting detective Sherlock Holmes and Doctor John Watson battle to bring down a new nemesis and unravel a deadly plot that could destroy England.,Nothing escapes him.,https://www.warnerbros.com/movies/sherlock-holmes/,/momkKuWburNTqKBF6ez7rvhYVhE.jpg,/veXdzn7LL0bFIDGmE7tTkvRg0qV.jpg
52,One for the Money,One for the Money,tt1598828,2012-01-26,91,40000000,36893721,"An unemployed lingerie buyer convinces her bail bondsman cousin to give her a shot as a bounty hunter. Her first assignment is to track down a former cop on the run for murder – the same man who broke her heart years before. With the help of some friends and the best bounty hunter in the business, she slowly learns what it takes to be a true bounty hunter.",She's looking for a few not-so-good men,http://www.oneforthemoneyfilm.com/index2.html,/eeltLl5jLUl9d96tpKkCAWu4JWu.jpg,/5AOV7ga7jvkIhmJalE4rmEf833X.jpg
53,Trigger: The Ripple Effect of Gun Violence,Trigger: The Ripple Effect of Gun Violence,tt5136068,2013-05-03,55,0,0,"Documentary that frames gun violence as a Disaster and Public Health issue by taking an in depth look at how one shooting impacts individuals, families and communities, while also giving voice to the questions and insights that arise from these conversations. In the documentary, all those scarred by gun violence eventually arrived at the same question: ""Why...Why did this happen to us?"" After looking at these in depth experiences of gun violence ""Trigger turns its attention to the bigger question: ""What can we do to prevent gun violence?""","n the United States more than 30,000 people are killed every year by gun violence and more than 100,000 are wounded.",https://pda.pcusa.org/pda/resource/dvd-trigger/,/2c2MuK6nxI81A87eSMpCRojTR5X.jpg,/x57eDjByABP4ccLaTGeZYeiEpAi.jpg
54,Basketball County: In the Water,Basketball County: In the Water,tt7333982,2020-05-15,51,0,0,"This documentary film examines how NBA star Kevin Durant’s hometown of Prince George’s County, Maryland, has recently produced more elite basketball players than anywhere else in the world.",Where greatness lives.,https://www.sho.com/titles/3492196/basketball-county-in-the-water,/gWm78LvURmB567ooZLIsy0L9WB8.jpg,/5G4mYJ6AtPvmVy3E3N43dcjCixi.jpg
55,Dan in Real Life,Dan in Real Life,tt0480242,2007-10-26,98,25000000,68474305,"Advice columnist, Dan Burns is an expert on relationships, but somehow struggles to succeed as a brother, a son and a single parent to three precocious daughters. Things get even more complicated when Dan finds out that the woman he falls in love with is actually his brother's new girlfriend.",Something's happening to Dan. It's confusing. It's awkward. It's family.,http://daninreallife.movies.go.com/,/wJkkkG4ditqNzlua0oJzoaICGiz.jpg,/uAa5bEEQvLxAqbKcOk9rGPLkZrJ.jpg
56,What is a Woman?,What is a Woman?,tt20256528,2022-06-01,95,0,0,"Political commentator Matt Walsh explores the changing concepts of sex and gender in the digital age, particularly the transgender rights movement, transphobia, and what it means to be a woman.",One man's journey to answer the question of a generation,https://whatisawoman.com,/iiP8Sq7yWoYsKx9EVfyRPno8Un9.jpg,/aJHH604xVvLPHH6fMbQV6iV5aOY.jpg
57,Piranha 3DD,Piranha 3DD,tt1714203,2012-05-11,83,5000000,8493728,"After the events at Lake Victoria, the prehistoric school of blood-thirsty piranhas make their way into swimming pools, plumbing, and a newly opened water park.",Twice the Teeth. Twice the Terror.,http://piranha-3d.com/,/mv2Ej9WPVWivNvtMTTxgb07c7N9.jpg,/bVVUstdTawtCF2RkB9awLNxPLXk.jpg
58,Bloodsucking Freaks,Bloodsucking Freaks,tt0077247,1976-11-03,85,0,0,"Sardu, master of the Theatre of the Macabre, and his assistant Ralphus run a show in which, under the guise of 'magic', they torture and murder people in front of their audience. But what the punters see as a trick is actually real.","Join The Fun! Human Dart Boards! ""Home Style Brain Surgery"" Dental Hijinks!",http://www.troma.com/films/bloodsucking-freaks/,/sRFWfces1Aa2yPRzDt4NVuYrysQ.jpg,/1BNv6MqZw5wFoblckm4fydIbmoR.jpg
59,Concrete Pharaohs,Бетонни фараони,tt1806810,2010-05-06,47,0,0,"Welcome to the picturesque world of the Kaldarash Roma – a closed community of no more than 1 million people all over the world. 'Concrete Pharaohs' take us on a journey into the lifestyle and traditions of the most hidden and intriguing Roma communities. A charismatic Gypsy baron will walk us through his stories and his new house. We will learn the hot trends in Roma tombstone design. We will go down into the underground homes of African granite, furnished with beds, wardrobes, stereos and a charged cell phone – a direct line to the other world. A celebration of life and afterlife in all of their manifestations.",The Life and Afterlifestyle of Kaldarash Gypsies,http://www.hbo.bg/movie/%D0%91%D0%B5%D1%82%D0%BE%D0%BD%D0%BD%D0%B8-%D1%84%D0%B0%D1%80%D0%B0%D0%BE%D0%BD%D0%B8_-69084,/uHSA2U5NbRPqGoU9Xi6Z5TnjZ5d.jpg,/hq58EUpL6VhCTS6IPDyRAlFJ1oR.jpg
60,Step Up All In,Step Up All In,tt2626350,2014-07-16,112,45000000,86165646,"All-stars from the previous Step Up installments come together in glittering Las Vegas, battling for a victory that could define their dreams and their careers.",Every Step Has Led To This,http://stepupmovie.com/,/bM9U2WDQKeQhdQX4kwdk72Drpaz.jpg,/cFgHrvRjoRHOrtolzrJov7v4s54.jpg
61,While She Was Out,While She Was Out,tt0887971,2008-10-27,86,6000000,498088,A suburban housewife is forced to fend for herself when she becomes stranded in a desolate forest with four murderous thugs.,They Messed With the Wrong Woman on the Wrong Night,http://www.insightfilm.com/wswo.html,/ehhJzxVV566RxPKmotY4E6xU477.jpg,/d8twGjhgFmsapoUpY4K6WoieobH.jpg
62,The Mercy,The Mercy,tt3319730,2018-02-09,102,18000000,4536348,"In 1968, Donald Crowhurst, an amateur sailor, endangers the fate of his family and business, and his own life, blinded by his ambition to compete in the Sunday Times Golden Globe Race, attempting to become the first person in history to single-handedly circumnavigate the world without making any stopover.",Based on the true story,http://www.themercyfilm.co.uk/home/,/51qWwl16Mb0hqorgffCtyENwTPP.jpg,/acKU4LlCFgcbjsL2IjtD4mPzlq7.jpg
63,The Big Empty,The Big Empty,tt0321442,2003-05-16,94,0,0,"Struggling actor John Person agrees to drive a blue suitcase from Los Angeles to the small town of Baker, Calif., and hand it over to a mysterious cowboy in return for having his credit card debt of $27,000 paid off. Upon his arrival, John can't find the cowboy but receives an ominously head-shaped package he's supposed to hang onto. While waiting, John gets close to Ruthie, whose psychotic boyfriend, Randy, keeps threatening to kill him.",Cowboys. Aliens. Blue suitcases and bowling balls. Strange things are happening out in the middle of nowhere.,http://www.thebigempty.com/,/8lYFJ0LKdhayjfYnX0b1yIvkUx4.jpg,/xlrEHww5wabNRMBOyxhLMNekPij.jpg
64,Sebastian,Sebastian,tt6087058,2017-05-26,80,50000,0,"Alex is an Argentinian student in Toronto for just one week. They both know that the relationship ends when he catches his flight back home. But they’re falling for each other and it’s the kind of relationship that changes them, unlocks things hidden deep inside.",Who can resist a boy with a dark and unspoken past?,http://www.sebastianthemovie.com,/pyxFMkZJwXiykKHdkupjMBPJ9qd.jpg,/u1vAvsUWM7ABtkqGAlccNaoPP5L.jpg
65,Wilde,Wilde,tt0120514,1997-09-01,118,2158775,10000000,"The story of Oscar Wilde, genius, poet, playwright and the First Modern Man. The self-realisation of his homosexuality caused Wilde enormous torment as he juggled marriage, fatherhood and responsibility with his obsessive love for Lord Alfred Douglas.",Loved for being unique. Hated for being different.,http://www.oscarwilde.com/,/41mm9zN1j6oE4vK7sDjxRqbEAgV.jpg,/8WquHvFVBq9jtfRUUOzMVJBzNW4.jpg
66,The Museum Project,The Museum Project,tt5251524,2016-05-01,45,0,0,"A group of students decide to base their media assignment on a local railway museum myth. However, when they trespass the premises after hours, they soon learn that some myths are more than stories.",Some myths are more than stories.,http://www.museumprojectmovie.com/,/vzaznRV5LFyhEQKR0oHF8zyaqCm.jpg,/yutjXtgsdB8ojVXgXxeZlVd5QNT.jpg
67,Nailbiter,Nailbiter,tt2122424,2013-05-28,82,0,0,A horror film that combines classic monster movie elements set within the backdrop of unpredictable Kansas weather. Start with a mother and her three daughters forced to take shelter from an advancing tornado in a local storm cellar. What is waiting for them underneath is another story entirely.,In the shadow of the storm it waits.,http://www.nailbitermovie.com/,/485U5q4dALhr9VhucJOYgTu8zOf.jpg,/1zfVloYLvEHiktKm9fd0Chuoalz.jpg
68,X-Men Origins: Wolverine,X-Men Origins: Wolverine,tt0458525,2009-04-28,107,150000000,373062864,"After seeking to live a normal life, Logan sets out to avenge the death of his girlfriend by undergoing the mutant Weapon X program and becoming Wolverine.",Witness the origin.,https://www.20thcenturystudios.com/movies/x-men-origins-wolverine,/yj8LbTju1p7CUJg7US2unSBk33s.jpg,/wvqdJLVh0mSblly7UnYFPEk04Wd.jpg
69,People Just Do Nothing: Big in Japan,People Just Do Nothing: Big in Japan,tt11376010,2021-08-13,97,0,0,"Since the end of their pirate radio station, life has been quiet for the Kurupt FM boys, but everything is about to change. News reaches them that one of their songs has been used on a popular game show in Japan. They've made it. Their music is reaching hundreds of thousands of people. It's finally time for them to enjoy the fame and fortune that they've always known they deserved. Chabuddy G steps excitedly back into his management role as Grindah, Beats, Steves and Decoy begin their journey to international stardom - but is Japan really ready for Kurupt FM?",Britain's finest exports,https://www.universalpictures.co.uk/micro/people-just-do-nothing,/d2wft3qQX1fCqPTUdujwxhj9S23.jpg,/iTozFZZOklA4tZbrl3rDftvFXmv.jpg
70,6 Festivals,6 Festivals,tt20102688,2022-08-11,98,0,0,"Over the course of the six music festivals, friends Maxie and Summer will learn to accept the impending loss of their friend James from brain cancer through Marley, an up-and-coming musician whose own rise to the main stage will provide a positive anchor for them to move forward with their lives.",Face the music,https://helium.limited/helium-pictures/six-festivals.php,/i1I43RmHqKWcMdS7xgKqjSusyiX.jpg,/qgSRdZoS6YtXVCesbploWeW18cf.jpg
71,Swallow,Swallow,tt8372298,2020-01-15,96,0,274674,"Hunter, a newly pregnant housewife, finds herself increasingly compelled to consume dangerous objects. As her husband and his family tighten their control over her life, she must confront the dark secret behind her new obsession.",Open Up.,https://www.ifcfilms.com/films/swallow,/40Zrwud1EVxNvcjQkotZo7jmr4L.jpg,/ieFVFCLd1akOdYNx0MttGmgwCTT.jpg
72,Crazy Rich Asians,Crazy Rich Asians,tt3104988,2018-08-15,121,30000000,238539198,"An American-born Chinese economics professor accompanies her boyfriend to Singapore for his best friend's wedding, only to get thrust into the lives of Asia's rich and famous.",The only thing crazier than love is family,http://crazyrichasiansmovie.com,/1XxL4LJ5WHdrcYcihEZUCgNCpAW.jpg,/7tTCnQcKzUkabDV3BJMe7LIzlEs.jpg
73,Tell It to the Bees,Tell It to the Bees,tt7241926,2018-09-09,106,0,0,"Dr. Jean Markham returns to the town she left as a teenager to take over her late father's medical practice. When a school-yard scuffle lands Charlie in her surgery, she invites him to visit the hives in her garden and tell his secrets to the bees, as she once did. The new friendship between the boy and the bee keeper brings his mother Lydia into Jean's world.",Some secrets are too powerful to keep,http://gooddeedentertainment.com/tellittothebees,/Rj6zpHhMU1zFW3v28U4PSRSRgP.jpg,/Oeo4ZabmekrqCQyn34SI95692d.jpg
74,Unicorn Store,Unicorn Store,tt2338454,2017-09-11,92,0,0,"A woman named Kit moves back to her parent's house, where she receives a mysterious invitation that would fulfill her childhood dreams.",Everyone needs a little magic. Even if they're all grown up.,https://www.netflix.com/title/81034317,/rGe3eWy3F3qggDZMc86bASN4I7C.jpg,/1ltcMaCX5kPOEA4NFTSBnvBFNbY.jpg
75,Creed III,Creed III,tt11145118,2023-03-01,116,75000000,275248615,"After dominating the boxing world, Adonis Creed has thrived in his career and family life. When a childhood friend and former boxing prodigy, Damian Anderson, resurfaces after serving a long sentence in prison, he is eager to prove that he deserves his shot in the ring. The face-off between former friends is more than just a fight. To settle the score, Adonis must put his future on the line to battle Damian — a fighter with nothing to lose.",You can't run from your past.,https://www.mgmstudios.com/creed-iii,/cvsXj3I9Q2iyyIo95AecSd1tad7.jpg,/8QsVX5C82mT7bB5sVsjsLcerWQK.jpg
76,Shana: The Wolf's Music,Shana: The Wolf's Music,tt2390792,2014-08-17,96,0,0,"The First Nations girl Shana is a very gifted musician. But to bring her violin to sing, she must follow the wolf. Nino Jacusso has filmed this captivating coming-of-age drama with sensational beauty and spiritual tenderness.","A First Nations girl, a wolf and a violin – and the magic of music.",http://www.shanafilm.com/En/film/film.html,/wlyKPrXFsZHmxRyjX0CLqrFYp0S.jpg,/puzVfjtTMH531PyNSaBbUr3BdPi.jpg
77,Kindling,Kindling,tt15184804,2023-04-21,93,0,0,A group of young men return to their home town in order to turn their friend's final days into a celebration of life and friendship.,A summer to be remembered.,https://lowkeyfilms.co.uk/film-and-tv/kindling,/fg8N3bN1dIGr23rfwbus4hlJ6qe.jpg,/53SCROCrvab3OHXYnRXTceM6tCK.jpg
78,Where the Road Runs Out,Where the Road Runs Out,tt2346198,2014-09-26,91,0,0,"George, a scientist living in Rotterdam is growing wary of the world of academia. The sudden death of an old friend is the incentive he needs to return to his African roots where he takes over a dilapidated field station in the jungle of Equatorial Guinea. There he meets an orphan boy with a sunny disposition who opens George's wary eyes to this colorful place. The boy plays matchmaker between George and the lady who runs the local orphanage and all seems rosy until an old friend of George's shows up out of nowhere to throw their lives into disarray as George discovers there are many obstacles on the road to redemption and a few more where the road runs out.",Sometimes you have to get lost to find yourself.,http://www.wheretheroadrunsout.com/,/5BC9qDdd6gm0V5m5zYW34DGdSX4.jpg,/ES1tavVbcM4ot8WruG8EpMmYRm.jpg
79,Harold & Kumar Escape from Guantanamo Bay,Harold & Kumar Escape from Guantanamo Bay,tt0481536,2008-04-25,101,12000000,43493123,"Having satisfied their urge for White Castle, Harold and Kumar jump on a plane to catch up with Harold's love interest, who's headed for the Netherlands. But the pair must change their plans when Kumar is accused of being a terrorist. Rob Corddry also stars in this wild comedy sequel that follows the hapless stoners' misadventures as they try to avoid being captured by the Department of Homeland Security.",This time they're running from the joint.,http://www.haroldandkumar.com,/pRo2wOKbJEfoLnTK1APcDtKfGzL.jpg,/7Q1SGTuIDkTnKRonEhmYUefQP79.jpg
80,Plus One,Plus One,tt7645122,2019-06-14,98,0,44112,Two single friends agree to be each others' respective plus one for each wedding they're invited to during a particularly busy nuptial period of their lives.,10 Weddings. 1 Summer. No One Can Survive Alone.,https://www.inwoodroadfilms.com/plus-one,/4w3bCp5UkLeemdq8MBNlyA3Zl2J.jpg,/9TL90eOg7KfaJOqYSgimZ6yXnRJ.jpg
81,Le Divorce,Le Divorce,tt0306734,2003-08-08,117,0,12991996,"While visiting her sister in Paris, a young woman finds romance and learns her brother-in-law is a philanderer.",Everything sounds sexier in French.,http://www.le-divorce.com/,/ucBJrWKCJ1naTylSFN8jpaEqwwe.jpg,/w2UHBWTJux7bWSi44mMS21tPhGT.jpg
82,"Life, Animated","Life, Animated",tt3917210,2016-07-01,91,0,0,"At three years old, a chatty, energetic little boy named Owen Suskind ceased to speak, disappearing into autism with apparently no way out. Almost four years passed and the only stimuli that engaged Owen were Disney films. Then one day, his father donned a puppet—Iago, the wisecracking parrot from Aladdin—and asked “what’s it like to be you?” And poof! Owen replied, with dialogue from the movie. Life, Animated tells the remarkable story of how Owen found in Disney animation a pathway to language and a framework for making sense of the world.","When he fell into silence, movies gave him back his voice",http://www.lifeanimateddoc.com/,/jpZUMTecRrgn1NybQfAsrO85wUN.jpg,/3eWyOWBd6Z9BbxZJ8ObY22jm7mS.jpg
83,Death Proof,Death Proof,tt1028528,2007-05-22,113,25000000,31126421,"Austin's hottest DJ, Jungle Julia, sets out into the night to unwind with her two friends Shanna and Arlene. Covertly tracking their moves is Stuntman Mike, a scarred rebel leering from behind the wheel of his muscle car, revving just feet away.",A crash course in revenge,http://www.deathproof.net/,/vtu6H4NWnQVqEp3aanUq3hNeeot.jpg,/c7k9ZZb1MoFzJeyjphKRMLHOgqU.jpg
84,Green Flake,Green Flake,tt9535160,2020-12-03,94,0,0,"Green Flake, a southern slave, joins Church of Jesus Christ of Latter Day Saints as a child. Later on in his life he is sent to pave the way to what is now the Salt Lake Valley and his faith sustains him.",A film about a Southern slave who trekked thousands of miles and rose to become a Western hero,https://www.greenflakemovie.com/,/3odIby95U8HqEnIHEdtKCxK1SPk.jpg,/22g9hiMYP4Ka6IPiJaChqzhkPdT.jpg
85,The Mist,The Mist,tt0884328,2007-11-21,126,18000000,57470220,"After a violent storm, a dense cloud of mist envelops a small Maine town, trapping artist David Drayton and his five-year-old son in a local grocery store with other people. They soon discover that the mist conceals deadly horrors that threaten their lives, and worse, their sanity.","Belief divides them, mystery surrounds them, but fear changes everything.",http://www.themist-movie.com/,/1CvJ6diBACKPVGOpcWuY4XPQdqX.jpg,/3WrR2rYX7nHWnBhWHLZptsJ2bEj.jpg
86,A War Story,A War Story,tt8111958,2018-10-01,90,0,0,"In 1997, Osama bin Laden declared war on the USA and Pulitzer Prize winning CNN correspondent Peter Arnett embarked on a mission to locate and interview him. A War Story follows the dramatic events leading up to the interview and the Kiwi journalist's horror on 9/11, as he recalled bin Laden's veiled threats.",Arnett v bin Laden,https://www.tvnz.co.nz/shows/a-war-story,/2dSI07fGQ3ouhImx109XS99f1dz.jpg,/sX8fITcwsARXKVJSAXQb3TaxqJ5.jpg
87,Alien Convergence,Alien Convergence,tt6874406,2017-06-27,86,0,0,"When flying reptilian creatures wreak havoc all over the world, the survivors’ only hope of stopping them is a new, state-of-the-art fighter jet piloted by the only team that knows how to use the technology.",We have Visitors,http://newsite.theasylum.cc/index.php/titles/detail?id=334c3eec-9cbb-e411-bd0b-d4ae527c3b65,/96xgOCz2li0IiqKYcLQh5bK7CiU.jpg,/2eZUHO2gEktRTaWQuxXF3NtLWjH.jpg
88,The Sasquatch Gang,The Sasquatch Gang,tt0460925,2006-03-08,84,0,9458,"Young fantasy and science fiction aficionado Gavin Gore and his friends stumble onto some huge footprints in the woods. A local cop, reporter, and a renowned Sasquatch authority investigate, while two of Gavin's dim-witted neighbors hatch a scheme to profit from the situation.",An epic tale of nerds and turds.,http://www.thesasquatchgang.com/,/f7Vnrik2tsozzG1DRfgIBmJvUCx.jpg,/xTaj3tVozMfcCrrndYVPic91bWr.jpg
89,Hustle,Hustle,tt8009428,2022-06-03,118,0,0,"After discovering a once-in-a-lifetime player with a rocky past abroad, a down on his luck basketball scout takes it upon himself to bring the phenom to the States without his team's approval. Against the odds, they have one final shot to prove they have what it takes to make it in the NBA.",Are you obsessed with this game?,https://www.netflix.com/title/80242342/,/xWic7kPq13oRxYjbGLApXCnc7pz.jpg,/hGr0FrLI74vqpBWTBOPloDBwOAK.jpg
90,The Vancouver Asahi,バンクーバーの朝日,tt3550344,2014-09-29,132,0,0,"In pre-WWII Vancouver, second-generation Japanese immigrants had it tough. Daily, they faced discrimination, hatred and injustice at the hands of their Caucasian counterparts. But one thing made their lives worth living: baseball. They may be the underdogs, but the Vancouver Asahi baseball team have a sense of fair play and smart tactics that set them apart from the brute force of their opponents. Under the guidance of new team captain Reggie Kasahara, can they be able to rise above all the negativity to win the tournament?  This film is based on the true story of Vancouver Asahi, the Japanese-Canadian baseball team that was inducted into The Canadian Baseball Hall of Fame in 2003.",Winning is not about where you’re from—it’s about how well you play.,http://www.vancouver-asahi.jp/,/vWSxJGWVS8y2LxzuWwugef8mleK.jpg,/vdzFoZOGHREgeiVTcXmdnx39pQK.jpg
91,Voice of Freedom,Voice of Freedom,tt13445810,2021-02-15,120,0,0,"On Easter Sunday, 1939, contralto Marian Anderson stepped up to a microphone in front of the Lincoln Memorial. Inscribed on the walls of the monument behind her were the words “all men are created equal.” Barred from performing in Constitution Hall because of her race, Anderson would sing for the American people in the open air. Hailed as a voice that “comes around once in a hundred years” by maestros in Europe and widely celebrated by both white and black audiences at home, her fame hadn’t been enough to spare her from the indignities and outright violence of racism and segregation.",Turbulent Times Turned an Artist into a Hero,https://www.pbs.org/wgbh/americanexperience/films/voice-freedom/,/ipOwAxhVa9tLQaENS4ARmH8nKAF.jpg,/jw8rG7S1lsDtXaEiRCIopo6MGfh.jpg
92,Sam Smith: Love Goes – Live at Abbey Road Studios,Sam Smith: Love Goes – Live at Abbey Road Studios,tt13327240,2021-05-22,61,0,0,"Grammy-winning artist Sam Smith gives an intimate, soulful and chilling performance at the iconic Abbey Road Studios. This experience features songs from their third album and more.","Sit back, relax and enjoy Sam Smith.",https://samsmithworld.com/,/2MdUahtFN5461usx0EcGHrDJLx4.jpg,/5RmVCgwbloQCDQUrF9LgLq7rNg9.jpg
93,Returned,Returned,tt5167168,2015-10-09,90,7000,0,"Benjamin Lathan's flight disappeared, twelve years later he returns. With the help of a mysterious beauty, he finds himself on an unlikely journey.",200 Passengers disappeared; one Returned,https://www.creativegeniusfilms.com/,/s04PH9XOcinHQkCP0P0HuUsAzO0.jpg,/wGfOyUa9icQNQ2X1cVA0MC21i7s.jpg
94,Renfield,Renfield,tt11358390,2023-04-07,93,65000000,26348156,"Having grown sick and tired of his centuries as Dracula's lackey, Renfield finds a new lease on life — and maybe even redemption — when he falls for feisty, perennially angry traffic cop Rebecca Quincy.",Sucks to be him.,https://www.renfieldmovie.com,/jG83l0tDwoQj3hBAioIsJ5rTPHw.jpg,/nBEFrdcVhwceGSFw83RksxY9Blg.jpg
95,Elliot: The Littlest Reindeer,Elliot: The Littlest Reindeer,tt4177856,2018-11-08,89,0,0,"When Blitzen announces his retirement on December 21st, a miniature horse has 3 days to fulfill his lifelong dream of earning a spot on Santa's team at the North Pole try-outs.",Big Dreamers Dream Big,https://thelittlestreindeer.com,/ufcYhMgXtdL3OQBdR3G3p23pBni.jpg,/ysCrwd7MuF52KLxxEt5wsPwAUzi.jpg
96,Assault on Precinct 13,Assault on Precinct 13,tt0074156,1976-11-05,91,150000,0,The lone inhabitants of an abandoned police station are under attack by the overwhelming numbers of a seemingly unstoppable street gang.,L.A.'s deadliest street gang just declared war on the cops.,http://www.theofficialjohncarpenter.com/assault-of-precinct-13/,/vAGq6oo8ycKciWksoPDq0Ak4jbj.jpg,/28lA2YGj74GU4CG4S5DoRmi9mNl.jpg
97,2:22,2:22,tt1261041,2008-09-24,104,0,0,"The plan was easy; the job was not. On a snowy night a tight crew of four criminals plan to pull off a routine heist. When things go horribly wrong, friendship, loyalty and trust are pushed to the limit.",The plan was simple... The events that followed were not,http://www.222themovie.com/cast2.htm,/w9Yd4lzYyFpzscvmFJKMPaUHPZq.jpg,/wEUPeCesbKZpWMuV0eBklOOXc5D.jpg
98,Salvation Boulevard,Salvation Boulevard,tt1251743,2011-07-15,96,5500000,89182,Set in the world of mega-churches in which a former Deadhead-turned-born again-Christian finds himself on the run from fundamentalist members of his mega-church who will do anything to protect their larger-than-life pastor.,Faith alone doesn’t cut it anymore,http://www.ifcfilms.com/uncategorized/salvation-boulevard,/q8kPPcpPUGhdAOP5LYHDMKZBXYP.jpg,/apMLieYY9z6tgBHLbCA7wsuar02.jpg
99,East Side Sushi,East Side Sushi,tt2340650,2014-03-08,100,0,0,"Years of working in the food industry have made Juana, a working-class Latina, a chef of speed and skill. Searching for financial stability, she stumbles into a high-energy, male-dominated Japanese cuisine kitchen. The new atmosphere re-ignites her passions for food and life and makes her hungry to get mixed up in the flavors of this new world.",The way to a woman’s heart is through...sushi!,http://www.eastsidesushifilm.com/,/hyDJxhPooTZQ3F889qxHyAUzBfO.jpg,/zHf4EEJHkCHTBvLDo0gaAXzA93x.jpg
100,Oklahoma City,Oklahoma City,tt6333090,2017-01-21,101,0,0,The bombing of the Alfred P. Murrah Federal Building in Oklahoma City in April 1995 is the worst act of domestic terrorism in American history. This documentary explores how a series of deadly encounters between American citizens and federal law enforcement—including the standoffs at Ruby Ridge and Waco—led to it.,A cautionary tale of hate in America,https://www.pbs.org/wgbh/americanexperience/films/oklahoma-city/,/tWzjeZjdoOVmcq7FBsRKRtFp183.jpg,/jRpNqr8Ntljfzpj5f1feMEmR96L.jpg
